{"cameraMode":{"drawMode":0,"name":"Shaded","section":"Shading Mode"},"sceneLighting":true,"audioPlay":false,"sceneViewState":{"showFog":true,"showMaterialUpdate":false,"showSkybox":true,"showFlares":true,"showImageEffects":true,"showParticleSystems":true},"in2DMode":false,"pivot":{"x":-8.933563232421875,"y":10.397134780883789,"z":162.04763793945313},"rotation":{"x":-0.14391736686229707,"y":-0.7720855474472046,"z":0.18844862282276154,"w":-0.5896320343017578},"size":11.411661148071289,"orthographic":false}