{"cameraMode":{"drawMode":0,"name":"Shaded","section":"Shading Mode"},"sceneLighting":true,"audioPlay":false,"sceneViewState":{"showFog":true,"showMaterialUpdate":true,"showSkybox":false,"showFlares":true,"showImageEffects":false,"showParticleSystems":false},"in2DMode":false,"pivot":{"x":12.559367179870606,"y":5.96417760848999,"z":-8.824109077453614},"rotation":{"x":0.15906989574432374,"y":-0.5384281277656555,"z":0.10433202236890793,"w":0.8209211826324463},"size":3.1781277656555177,"orthographic":false}